-- MySQL dump 10.13  Distrib 5.6.24, for Win64 (x86_64)
--
-- Host: localhost    Database: eftech_oils
-- ------------------------------------------------------
-- Server version	5.6.21

/*!40101 SET @OLD_CHARACTER_SET_CLIENT=@@CHARACTER_SET_CLIENT */;
/*!40101 SET @OLD_CHARACTER_SET_RESULTS=@@CHARACTER_SET_RESULTS */;
/*!40101 SET @OLD_COLLATION_CONNECTION=@@COLLATION_CONNECTION */;
/*!40101 SET NAMES utf8 */;
/*!40103 SET @OLD_TIME_ZONE=@@TIME_ZONE */;
/*!40103 SET TIME_ZONE='+00:00' */;
/*!40014 SET @OLD_UNIQUE_CHECKS=@@UNIQUE_CHECKS, UNIQUE_CHECKS=0 */;
/*!40014 SET @OLD_FOREIGN_KEY_CHECKS=@@FOREIGN_KEY_CHECKS, FOREIGN_KEY_CHECKS=0 */;
/*!40101 SET @OLD_SQL_MODE=@@SQL_MODE, SQL_MODE='NO_AUTO_VALUE_ON_ZERO' */;
/*!40111 SET @OLD_SQL_NOTES=@@SQL_NOTES, SQL_NOTES=0 */;

--
-- Table structure for table `brakingfluids`
--

DROP TABLE IF EXISTS `brakingfluids`;
/*!40101 SET @saved_cs_client     = @@character_set_client */;
/*!40101 SET character_set_client = utf8 */;
CREATE TABLE `brakingfluids` (
  `id` int(11) NOT NULL AUTO_INCREMENT,
  `Name` varchar(45) DEFAULT NULL,
  `manufacturer` int(11) DEFAULT '0',
  `price` double DEFAULT '0',
  `fluidclass` int(11) DEFAULT '0',
  `BoilingTemperatureDry` double DEFAULT '0',
  `BoilingTemperatureWet` double DEFAULT '0',
  `Value` double DEFAULT '0',
  `photo` varchar(70) DEFAULT '',
  `Description` text,
  `Viscosity40` double DEFAULT '0',
  `Viscosity100` double DEFAULT '0',
  `Specification` text,
  `judgement` double NOT NULL,
  PRIMARY KEY (`id`,`judgement`),
  UNIQUE KEY `idBrakingFluids_UNIQUE` (`id`),
  KEY `manufacturer_idx` (`manufacturer`),
  KEY `price_idx` (`price`),
  KEY `fluidclass_idx` (`fluidclass`),
  CONSTRAINT `fluidclass` FOREIGN KEY (`fluidclass`) REFERENCES `fluidclass` (`id`) ON DELETE NO ACTION ON UPDATE NO ACTION,
  CONSTRAINT `manufacturer` FOREIGN KEY (`manufacturer`) REFERENCES `manufacturer` (`id`) ON DELETE NO ACTION ON UPDATE NO ACTION
) ENGINE=InnoDB AUTO_INCREMENT=130 DEFAULT CHARSET=utf8 COMMENT='Braking fluids';
/*!40101 SET character_set_client = @saved_cs_client */;

--
-- Dumping data for table `brakingfluids`
--

LOCK TABLES `brakingfluids` WRITE;
/*!40000 ALTER TABLE `brakingfluids` DISABLE KEYS */;
INSERT INTO `brakingfluids` VALUES (120,'Comma DOT4 1л',19,1100,2,260,155,1,'Fluid1.jpg','Универсальная синтетическая тормозная жидкость ДОТ4\r\nПрименима для всех гидравлических тормозных систем и систем сцепления, где требуется спецификация DOT3, DOT4, J1703.\r\nИдеальна для тормозных систем c ABS. Смешивается со всеми жидкостями DOT3, DOT4, SAE 1703.\r\n\r\nЗамена тормозной жидкости производится согласно рекомендациям автопроизводителей. Следить за чистотой жидкости, не допускать попадания воды, масла, грязи и пр. Гигроскопична – требует своевременной замены. Повреждает лакокрасочное покрытие.',1350,2.3,'FMVSS 116 DOT 4;\r\nISO 4925;\r\nSAE J-1704. ',0),(121,'Bosch DOT4 500мл',20,5200,2,300,10000,0.52,'Fluid2.jpg','Длительный срок службы и хранения:\r\n- жестяная упаковка предотвращающая гигроскопичность;\r\n- запатентованная природоохранная система переработки упаковки. ',0,0,'',0),(122,'TRW Brake Fluid DOT5.1 1л',21,160000,13,120,100,2,'Fluid3.jpg','1111\r\nАвтомобили премиум класса, включая автомобили, оснащенные ABS. Состав жидкости обеспечивает максимальный уровень безопасности. Благодаря улучшенным вязкостным характеристикам при температуре -40°C, жидкость безопасна при использовании в самом холодном климате. \r\n',0,0,'',0),(123,'Fuchs Maintain DOT 4 1л',22,185000,2,0,0,1,'Fluid4.jpg','MAINTAIN DOT 4 – это высокоэффективная тормозная жидкость для гидравлических тормозных системы легкового и коммерческого транспорта, а также для гидравлических приводов сцепления, если рекомендуется к применению тормозная жидкость.',0,0,'FMVSS NR. 116; DOT 3/DOT 4; ISO 4925 CLASS 3/4; SAE J 1703/J 1704; FORD M6C62-A; FORD M6C9103-A; NH 800 A; OPEL 19 42 421 ',0),(124,'Fuchs Maintain DOT 5.1 1л',22,185000,13,270,0,1,'Fluid5.jpg','MAINTAIN DOT 5.1 это высокооэффективная тормозная жидкость для гидравлических тормозных систем легкового и коммерческого транспорта, а также для гидравлических проводов сцепления. ',900,0,'FMVSS NR. 116 DOT 5.1; ISO 4925 CLASS 3/4/5.1; SAE J 1703/J 1704 ',3),(125,'Elf Frelub 650 DOT4 1л Elf Frelub 650 DOT4 1л',23,160000,2,260,180,1,'Fluid6.jpg','Не смешивать с минеральными гидравлическими жидкостями и не применять в гидропневматических подвесках и тормозах автомобилей типа Citroen. На синтетической основе. Обладает стабильностью эксплуатационных характеристик при экстремальных температурах, противопенной активностью и стойкостью к образованию отложений и смол. Предотвращает образование коррозии. ',0,300,'SAE J 1704; FMVSS 116 (DOT 4); DOT 4; DOT 5. ',0),(126,'Ford Super DOT 4 1л',24,222,2,0,0,1,'Fluid7.jpg','Рекомендуемая замена при ТО.(test)',0,0,'FMVSS 116;\r\nSAE J 1703\';\r\nSAE J 1704. ',0),(127,'Тосол-Синтез FELIX DOT4 0.91л',25,98150,2,250,155,0.91,'Fluid8.jpg','Стандартная тормозная жидкость класса DOT4. \r\nХороша для приянтия внутрь',1650,0,'',0),(128,'Castrol Brake Fluid DOT 4 0.5л',26,126000,2,0,0,0.5,'Fluid9.jpg','Предназначено для применения во всех тормозных системах, особенно подверженных высокой нагрузке.\r\n- Тормозная жидкость с высокой температурой кипения, композиция которой включает в себя смесь сложных эфиров полиалкиленгликоля, сложного эфира бора, высокоэффективных присадок и ингибиторов.\r\n- Отличная устойчивость к экстремальным температурам.\r\n- Надежная защита тормозной\r\nсистемы от коррозии и образования паровых пробок. ',0,0,'SAE J1703;\r\nFMVSS 116 DOT 4. ',0),(129,'BP Brake Fluid DOT 0,5л',27,12.34,2,27000,170,0.5,'Fluid10.jpg','Синтетическая жидкость Brake Fluid DOT 4 не должна применяться в гидравлических системах, для которых рекомендуется использовать жидкости на минеральной основе. ',1250,2.3,'SAE J 1703; FMVSS № 116 DOT4; ISO 4925 ',5);
/*!40000 ALTER TABLE `brakingfluids` ENABLE KEYS */;
UNLOCK TABLES;

--
-- Table structure for table `client`
--

DROP TABLE IF EXISTS `client`;
/*!40101 SET @saved_cs_client     = @@character_set_client */;
/*!40101 SET character_set_client = utf8 */;
CREATE TABLE `client` (
  `id` int(11) NOT NULL AUTO_INCREMENT,
  `name` varchar(45) DEFAULT NULL,
  `email` varchar(45) DEFAULT NULL,
  `address` varchar(100) DEFAULT NULL,
  `country` int(11) DEFAULT '0',
  PRIMARY KEY (`id`),
  KEY `country_idx` (`country`),
  CONSTRAINT `country` FOREIGN KEY (`country`) REFERENCES `country` (`id`) ON DELETE NO ACTION ON UPDATE NO ACTION
) ENGINE=InnoDB AUTO_INCREMENT=9 DEFAULT CHARSET=utf8;
/*!40101 SET character_set_client = @saved_cs_client */;

--
-- Dumping data for table `client`
--

LOCK TABLES `client` WRITE;
/*!40000 ALTER TABLE `client` DISABLE KEYS */;
INSERT INTO `client` VALUES (1,'Рога и копыта','glebas@tut.by','пер. Козлова, д.1',1),(4,'Параноик компани','tt@mail.ru','д. Нотингем',2),(5,'СбытСнабТрестМонтажБетон (Покупатель 1)','sstmb@banana.by','д. Галюкино, д.114, оф. 715',1),(6,'Ложки корпорейтед (Покупатель 2)','spoons@mail.ru','конура в Чертаново',10),(7,'ЧП Беллотереи (Покупатель 3)','root@bel.by','Минск, Дрозды, спросить у охрпанника на КПП',1),(8,'<не заполнен>',NULL,NULL,1);
/*!40000 ALTER TABLE `client` ENABLE KEYS */;
UNLOCK TABLES;

--
-- Table structure for table `country`
--

DROP TABLE IF EXISTS `country`;
/*!40101 SET @saved_cs_client     = @@character_set_client */;
/*!40101 SET character_set_client = utf8 */;
CREATE TABLE `country` (
  `id` int(11) NOT NULL AUTO_INCREMENT,
  `name` varchar(45) DEFAULT NULL,
  PRIMARY KEY (`id`)
) ENGINE=InnoDB AUTO_INCREMENT=22 DEFAULT CHARSET=utf8 COMMENT='Countris';
/*!40101 SET character_set_client = @saved_cs_client */;

--
-- Dumping data for table `country`
--

LOCK TABLES `country` WRITE;
/*!40000 ALTER TABLE `country` DISABLE KEYS */;
INSERT INTO `country` VALUES (1,'Беларусь'),(2,'Беларусь'),(3,'Германия'),(4,'США'),(5,'Япония'),(6,'Китай'),(7,'USA'),(8,'Canada'),(9,'Zimbabve'),(10,'Россия'),(11,'Великобритания'),(12,'Франция'),(13,'РФ'),(15,'Zimbabve---1'),(16,'Мадагаскар'),(18,' France'),(19,'France'),(20,'The Netherlands'),(21,'<empty>');
/*!40000 ALTER TABLE `country` ENABLE KEYS */;
UNLOCK TABLES;

--
-- Table structure for table `demand`
--

DROP TABLE IF EXISTS `demand`;
/*!40101 SET @saved_cs_client     = @@character_set_client */;
/*!40101 SET character_set_client = utf8 */;
CREATE TABLE `demand` (
  `id` int(11) NOT NULL AUTO_INCREMENT,
  `time` datetime DEFAULT NULL,
  `demand_id` varchar(50) DEFAULT NULL,
  `brakingFluid` int(11) DEFAULT '0',
  `quantity` int(11) DEFAULT '0',
  `price` double DEFAULT '0',
  `user` int(11) DEFAULT NULL,
  `status` int(11) DEFAULT '1',
  `executer` int(11) DEFAULT '6',
  `client` int(11) DEFAULT NULL,
  PRIMARY KEY (`id`),
  UNIQUE KEY `id_UNIQUE` (`id`),
  KEY `brakingFluid_demand_idx` (`brakingFluid`),
  KEY `user_demand_idx` (`user`),
  KEY `status_demand_idx` (`status`),
  KEY `client_demand_idx` (`client`),
  CONSTRAINT `brakingFluid_demand` FOREIGN KEY (`brakingFluid`) REFERENCES `brakingfluids` (`id`) ON DELETE NO ACTION ON UPDATE NO ACTION,
  CONSTRAINT `client_demand` FOREIGN KEY (`client`) REFERENCES `client` (`id`) ON DELETE NO ACTION ON UPDATE NO ACTION,
  CONSTRAINT `executer_demand` FOREIGN KEY (`user`) REFERENCES `users` (`id`) ON DELETE NO ACTION ON UPDATE NO ACTION,
  CONSTRAINT `status_demand` FOREIGN KEY (`status`) REFERENCES `offerstatus` (`id`) ON DELETE NO ACTION ON UPDATE NO ACTION,
  CONSTRAINT `user_demand` FOREIGN KEY (`user`) REFERENCES `users` (`id`) ON DELETE NO ACTION ON UPDATE NO ACTION
) ENGINE=InnoDB AUTO_INCREMENT=132 DEFAULT CHARSET=utf8;
/*!40101 SET character_set_client = @saved_cs_client */;

--
-- Dumping data for table `demand`
--

LOCK TABLES `demand` WRITE;
/*!40000 ALTER TABLE `demand` DISABLE KEYS */;
INSERT INTO `demand` VALUES (111,'2015-10-26 11:18:41','Demand_2015-10-26:11:18:40',125,1,160000,1,1,1,1),(112,'2015-10-26 11:19:34','Demand_2015-10-26:11:19:34',129,1,64300,1,1,1,1),(129,'2015-10-26 22:47:54','Demand_2015-10-26:22:47:53',125,1,160000,1,1,1,5),(130,'2015-10-26 22:48:32','Demand_2015-10-26:22:48:32',124,1,185000,1,1,1,5),(131,'2015-10-26 22:49:28','Demand_2015-10-26:22:49:28',128,1,126000,1,1,1,5);
/*!40000 ALTER TABLE `demand` ENABLE KEYS */;
UNLOCK TABLES;

--
-- Table structure for table `enginetype`
--

DROP TABLE IF EXISTS `enginetype`;
/*!40101 SET @saved_cs_client     = @@character_set_client */;
/*!40101 SET character_set_client = utf8 */;
CREATE TABLE `enginetype` (
  `id` int(11) NOT NULL AUTO_INCREMENT,
  `name` varchar(45) DEFAULT NULL,
  PRIMARY KEY (`id`),
  UNIQUE KEY `id_UNIQUE` (`id`)
) ENGINE=InnoDB AUTO_INCREMENT=10 DEFAULT CHARSET=utf8;
/*!40101 SET character_set_client = @saved_cs_client */;

--
-- Dumping data for table `enginetype`
--

LOCK TABLES `enginetype` WRITE;
/*!40000 ALTER TABLE `enginetype` DISABLE KEYS */;
INSERT INTO `enginetype` VALUES (1,'бензиновый'),(2,'дизельный'),(3,'универсальный'),(4,'<empty>'),(5,'бензиновый/дизельный');
/*!40000 ALTER TABLE `enginetype` ENABLE KEYS */;
UNLOCK TABLES;

--
-- Table structure for table `fluidclass`
--

DROP TABLE IF EXISTS `fluidclass`;
/*!40101 SET @saved_cs_client     = @@character_set_client */;
/*!40101 SET character_set_client = utf8 */;
CREATE TABLE `fluidclass` (
  `id` int(11) NOT NULL AUTO_INCREMENT,
  `name` varchar(30) DEFAULT NULL,
  PRIMARY KEY (`id`)
) ENGINE=InnoDB AUTO_INCREMENT=14 DEFAULT CHARSET=utf8 COMMENT='Class of bracking fluid';
/*!40101 SET character_set_client = @saved_cs_client */;

--
-- Dumping data for table `fluidclass`
--

LOCK TABLES `fluidclass` WRITE;
/*!40000 ALTER TABLE `fluidclass` DISABLE KEYS */;
INSERT INTO `fluidclass` VALUES (1,'DOT3'),(2,'DOT4'),(3,'J1703'),(4,'SAE 1703'),(12,'DOT5'),(13,'DOT5.1--12yyujyjyy');
/*!40000 ALTER TABLE `fluidclass` ENABLE KEYS */;
UNLOCK TABLES;

--
-- Table structure for table `information`
--

DROP TABLE IF EXISTS `information`;
/*!40101 SET @saved_cs_client     = @@character_set_client */;
/*!40101 SET character_set_client = utf8 */;
CREATE TABLE `information` (
  `id` int(11) NOT NULL AUTO_INCREMENT,
  `name` varchar(20) DEFAULT NULL,
  `value` varchar(100) DEFAULT NULL,
  PRIMARY KEY (`id`),
  UNIQUE KEY `id_UNIQUE` (`id`)
) ENGINE=InnoDB AUTO_INCREMENT=7 DEFAULT CHARSET=utf8;
/*!40101 SET character_set_client = @saved_cs_client */;

--
-- Dumping data for table `information`
--

LOCK TABLES `information` WRITE;
/*!40000 ALTER TABLE `information` DISABLE KEYS */;
INSERT INTO `information` VALUES (1,'phone','+375 (29) 777-55-12'),(2,'website','e_commerce.com'),(3,'email','contact@eftech.com'),(4,'adminEmail','glebas@tut.by'),(5,'marketingFirm','29'),(6,'mainFirm','30');
/*!40000 ALTER TABLE `information` ENABLE KEYS */;
UNLOCK TABLES;

--
-- Table structure for table `log`
--

DROP TABLE IF EXISTS `log`;
/*!40101 SET @saved_cs_client     = @@character_set_client */;
/*!40101 SET character_set_client = utf8 */;
CREATE TABLE `log` (
  `id` int(11) NOT NULL AUTO_INCREMENT,
  `user` int(11) DEFAULT '0',
  `time` datetime DEFAULT NULL,
  `object` varchar(20) DEFAULT NULL,
  `object_id` varchar(45) DEFAULT '0',
  `object_name` varchar(100) DEFAULT NULL,
  `info` varchar(200) DEFAULT NULL,
  PRIMARY KEY (`id`),
  UNIQUE KEY `id_UNIQUE` (`id`)
) ENGINE=InnoDB AUTO_INCREMENT=1455 DEFAULT CHARSET=utf8;
/*!40101 SET character_set_client = @saved_cs_client */;

--
-- Dumping data for table `log`
--

LOCK TABLES `log` WRITE;
/*!40000 ALTER TABLE `log` DISABLE KEYS */;
INSERT INTO `log` VALUES (997,1,'2015-10-26 22:39:38','User','1','admin Иван','Пользователь зашел в систему'),(998,1,'2015-10-26 22:42:12','User','1','admin Иван','Пользователь зашел в систему'),(999,1,'2015-10-26 22:42:27','Demand','0','','Создали заявку (товар уже оплачен)'),(1000,1,'2015-10-26 22:42:27','Pay','177','','Оплатили посреднику'),(1001,1,'2015-10-26 22:42:27','Pay','178','','Посредник оплатил за товар поставщику'),(1002,1,'2015-10-26 22:42:27','Pay','179','','Поставщик получил деньги за товар'),(1003,1,'2015-10-26 22:42:30','User','1','admin Иван','Пользователь зашел в систему'),(1004,1,'2015-10-26 22:42:41','User','1','admin Иван','Пользователь зашел в систему'),(1005,1,'2015-10-26 22:42:51','User','1','admin Иван','Пользователь зашел в систему'),(1006,1,'2015-10-26 22:43:05','User','1','admin Иван','Пользователь зашел в систему'),(1007,1,'2015-10-26 22:43:25','Demand','0','','Создали заявку (товар уже оплачен)'),(1008,1,'2015-10-26 22:43:25','Pay','180','','Оплатили посреднику'),(1009,1,'2015-10-26 22:43:25','Pay','181','','Посредник оплатил за товар поставщику'),(1010,1,'2015-10-26 22:43:25','Pay','182','','Поставщик получил деньги за товар'),(1011,1,'2015-10-26 22:43:25','Pay','183','','Посредник получил предоплату'),(1012,1,'2015-10-26 22:43:28','User','1','admin Иван','Пользователь зашел в систему'),(1013,1,'2015-10-26 22:43:50','Pay','184','','Оплатили посреднику'),(1014,1,'2015-10-26 22:43:50','Pay','185','','Посредник оплатил за товар поставщику'),(1015,1,'2015-10-26 22:43:50','Pay','186','','Поставщик получил деньги за товар'),(1016,1,'2015-10-26 22:43:50','Pay','187','','Посредник получил предоплату'),(1017,1,'2015-10-26 22:43:54','User','1','admin Иван','Пользователь зашел в систему'),(1018,1,'2015-10-26 22:44:17','Demand','0','','Создали заявку (товар уже оплачен)'),(1019,1,'2015-10-26 22:44:17','Pay','188','','Оплатили посреднику'),(1020,1,'2015-10-26 22:44:17','Pay','189','','Посредник оплатил за товар поставщику'),(1021,1,'2015-10-26 22:44:18','Pay','190','','Поставщик получил деньги за товар'),(1022,1,'2015-10-26 22:44:18','Pay','191','','Оплатили посреднику'),(1023,1,'2015-10-26 22:44:18','Pay','192','','Посредник оплатил за товар поставщику'),(1024,1,'2015-10-26 22:44:18','Pay','193','','Поставщик получил деньги за товар'),(1025,1,'2015-10-26 22:44:21','User','1','admin Иван','Пользователь зашел в систему'),(1026,1,'2015-10-26 22:44:33','User','1','admin Иван','Пользователь зашел в систему'),(1027,1,'2015-10-26 22:44:53','User','1','admin Иван','Пользователь зашел в систему'),(1028,1,'2015-10-26 22:47:37','User','1','admin Иван','Пользователь зашел в систему'),(1029,1,'2015-10-26 22:47:54','Demand','0','','Создали заявку (товар уже оплачен)'),(1030,1,'2015-10-26 22:47:54','Pay','194','','Оплатили посреднику'),(1031,1,'2015-10-26 22:47:54','Pay','195','','Посредник оплатил за товар поставщику'),(1032,1,'2015-10-26 22:47:54','Pay','196','','Поставщик получил деньги за товар'),(1033,1,'2015-10-26 22:47:56','User','1','admin Иван','Пользователь зашел в систему'),(1034,1,'2015-10-26 22:48:06','User','1','admin Иван','Пользователь зашел в систему'),(1035,1,'2015-10-26 22:48:15','User','1','admin Иван','Пользователь зашел в систему'),(1036,1,'2015-10-26 22:48:33','Demand','0','','Создали заявку (товар уже оплачен)'),(1037,1,'2015-10-26 22:48:33','Pay','197','','Оплатили посреднику'),(1038,1,'2015-10-26 22:48:33','Pay','198','','Посредник оплатил за товар поставщику'),(1039,1,'2015-10-26 22:48:33','Pay','199','','Поставщик получил деньги за товар'),(1040,1,'2015-10-26 22:48:33','Pay','200','','Посредник получил предоплату'),(1041,1,'2015-10-26 22:48:35','User','1','admin Иван','Пользователь зашел в систему'),(1042,1,'2015-10-26 22:48:50','User','1','admin Иван','Пользователь зашел в систему'),(1043,1,'2015-10-26 22:48:59','User','1','admin Иван','Пользователь зашел в систему'),(1044,1,'2015-10-26 22:49:11','User','1','admin Иван','Пользователь зашел в систему'),(1045,1,'2015-10-26 22:49:28','Demand','0','','Создали заявку (товар уже оплачен)'),(1046,1,'2015-10-26 22:49:28','Pay','201','','Оплатили посреднику'),(1047,1,'2015-10-26 22:49:29','Pay','202','','Посредник оплатил за товар поставщику'),(1048,1,'2015-10-26 22:49:29','Pay','203','','Поставщик получил деньги за товар'),(1049,1,'2015-10-26 22:49:29','Pay','204','','Оплатили посреднику'),(1050,1,'2015-10-26 22:49:29','Pay','205','','Посредник оплатил за товар поставщику'),(1051,1,'2015-10-26 22:49:29','Pay','206','','Поставщик получил деньги за товар'),(1052,1,'2015-10-26 22:49:32','User','1','admin Иван','Пользователь зашел в систему'),(1053,1,'2015-10-26 22:49:54','User','1','admin Иван','Пользователь зашел в систему'),(1054,1,'2015-10-26 22:50:07','User','1','admin Иван','Пользователь зашел в систему'),(1055,1,'2015-10-26 22:50:14','User','1','admin Иван','Пользователь зашел в систему'),(1056,1,'2015-10-26 22:50:17','User','1','admin Иван','Пользователь зашел в систему'),(1057,1,'2015-10-26 22:50:28','Pay','207','','Оплатили посреднику'),(1058,1,'2015-10-26 22:50:28','Pay','208','','Посредник оплатил за товар поставщику'),(1059,1,'2015-10-26 22:50:28','Pay','209','','Поставщик получил деньги за товар'),(1060,1,'2015-10-26 22:50:31','User','1','admin Иван','Пользователь зашел в систему'),(1061,1,'2015-10-26 22:50:41','User','1','admin Иван','Пользователь зашел в систему'),(1062,1,'2015-10-26 22:50:52','Pay','210','','Оплатили посреднику'),(1063,1,'2015-10-26 22:50:52','Pay','211','','Посредник оплатил за товар поставщику'),(1064,1,'2015-10-26 22:50:52','Pay','212','','Поставщик получил деньги за товар'),(1065,1,'2015-10-26 22:50:52','Pay','213','','Посредник получил предоплату'),(1066,1,'2015-10-26 22:50:55','User','1','admin Иван','Пользователь зашел в систему'),(1067,1,'2015-10-26 22:51:01','User','1','admin Иван','Пользователь зашел в систему'),(1068,1,'2015-11-02 21:33:24','User','1','admin Иван','Пользователь зашел в систему'),(1069,1,'2015-11-02 21:36:31','User','1','admin Иван','Пользователь зашел в систему'),(1070,1,'2015-11-02 21:45:21','User','1','admin Иван','Пользователь зашел в систему'),(1071,1,'2015-11-02 21:52:48','User','1','admin Иван','Пользователь зашел в систему'),(1072,1,'2015-11-02 22:00:15','User','1','admin Иван','Пользователь зашел в систему'),(1073,1,'2015-11-02 22:04:01','User','1','admin Иван','Пользователь зашел в систему'),(1074,1,'2015-11-02 22:16:54','User','1','admin Иван','Пользователь зашел в систему'),(1075,1,'2015-11-02 22:19:58','User','1','admin Иван','Пользователь зашел в систему'),(1076,1,'2015-11-02 22:23:04','User','1','admin Иван','Пользователь зашел в систему'),(1077,1,'2015-11-02 22:23:24','User','1','admin Иван','Пользователь зашел в систему'),(1078,1,'2015-11-02 22:28:23','User','1','admin Иван','Пользователь зашел в систему'),(1079,1,'2015-11-02 22:28:30','User','1','admin Иван','Пользователь зашел в систему'),(1080,1,'2015-11-02 22:33:09','User','1','admin Иван','Пользователь зашел в систему'),(1081,1,'2015-11-02 22:34:46',NULL,'0',NULL,'Создана оплата с id = PAY-6YH12292XY520222LKY33VRA и статусом = created'),(1082,1,'2015-11-02 22:35:59','User','1','admin Иван','Пользователь зашел в систему'),(1083,1,'2015-11-02 22:36:24','BrakingFluid','0','','Изменён товар'),(1084,1,'2015-11-02 22:36:39','BrakingFluid','0','','Изменён товар'),(1085,1,'2015-11-02 22:36:47','BrakingFluid','0','','Изменён товар'),(1086,1,'2015-11-02 22:38:52','User','1','admin Иван','Пользователь зашел в систему'),(1087,1,'2015-11-02 22:39:37',NULL,'0',NULL,'Создана оплата с id = PAY-6UH144091N6177436KY33X5A и статусом = created'),(1088,1,'2015-11-02 23:12:49','User','1','admin Иван','Пользователь зашел в систему'),(1089,1,'2015-11-02 23:13:21',NULL,'0',NULL,'Создана оплата с id = PAY-4BP350847L438382DKY34HVY и статусом = created'),(1090,1,'2015-11-02 23:17:08','User','1','admin Иван','Пользователь зашел в систему'),(1091,1,'2015-11-02 23:18:34','User','1','admin Иван','Пользователь зашел в систему'),(1092,1,'2015-11-02 23:20:57','User','1','admin Иван','Пользователь зашел в систему'),(1093,1,'2015-11-02 23:21:55','User','1','admin Иван','Пользователь зашел в систему'),(1094,1,'2015-11-02 23:24:07','User','1','admin Иван','Пользователь зашел в систему'),(1095,1,'2015-11-02 23:44:55','User','1','admin Иван','Пользователь зашел в систему'),(1096,1,'2015-11-02 23:46:43','User','1','admin Иван','Пользователь зашел в систему'),(1097,1,'2015-11-03 00:12:02','User','1','admin Иван','Пользователь зашел в систему'),(1098,1,'2015-11-03 00:15:17','User','1','admin Иван','Пользователь зашел в систему'),(1099,1,'2015-11-03 00:15:36','User','1','admin Иван','Пользователь зашел в систему'),(1100,1,'2015-11-03 00:15:52',NULL,'0',NULL,'Создана оплата с id = PAY-4M104053P9086644YKY35FBY и статусом = created'),(1101,1,'2015-11-03 00:17:03','User','1','admin Иван','Пользователь зашел в систему'),(1102,1,'2015-11-03 00:24:48','User','1','admin Иван','Пользователь зашел в систему'),(1103,1,'2015-11-03 00:24:51','User','1','admin Иван','Пользователь зашел в систему'),(1104,1,'2015-11-03 00:25:19','User','1','admin Иван','Пользователь зашел в систему'),(1105,1,'2015-11-03 00:26:03','User','1','admin Иван','Пользователь зашел в систему'),(1106,1,'2015-11-03 00:28:42','User','1','admin Иван','Пользователь зашел в систему'),(1107,1,'2015-11-03 00:29:03',NULL,'0',NULL,'Создана оплата с id = PAY-39H789032T945992FKY35LHY и статусом = created'),(1108,1,'2015-11-03 00:29:41','User','1','admin Иван','Пользователь зашел в систему'),(1109,1,'2015-11-03 00:33:23','User','1','admin Иван','Пользователь зашел в систему'),(1110,1,'2015-11-03 00:33:41',NULL,'0',NULL,'Создана оплата с id = PAY-42Y60874WB1842830KY35NNI и статусом = created'),(1111,1,'2015-11-03 00:34:12','User','1','admin Иван','Пользователь зашел в систему'),(1112,1,'2015-11-03 00:34:34',NULL,'0',NULL,'Response Code : 400 change log level to DEBUG for details.'),(1113,1,'2015-11-03 00:34:38','User','1','admin Иван','Пользователь зашел в систему'),(1114,1,'2015-11-03 00:35:10','User','1','admin Иван','Пользователь зашел в систему'),(1115,1,'2015-11-03 00:35:34',NULL,'0',NULL,'Создана оплата с id = PAY-9FX199785L4840910KY35OJI и статусом = created'),(1116,1,'2015-11-03 00:36:00','User','1','admin Иван','Пользователь зашел в систему'),(1117,1,'2015-11-03 00:36:25','User','1','admin Иван','Пользователь зашел в систему'),(1118,1,'2015-11-03 00:37:08',NULL,'0',NULL,'Создана оплата с id = PAY-5WD52426L9545930KKY35PBA и статусом = created'),(1119,1,'2015-11-03 00:37:35','User','1','admin Иван','Пользователь зашел в систему'),(1120,1,'2015-11-03 00:38:48',NULL,'0',NULL,'Response Code : 400 change log level to DEBUG for details.'),(1121,1,'2015-11-03 00:38:51','User','1','admin Иван','Пользователь зашел в систему'),(1122,1,'2015-11-06 11:19:34','User','1','admin Иван','Пользователь зашел в систему'),(1123,1,'2015-11-06 11:37:33','User','1','admin Иван','Пользователь зашел в систему'),(1124,1,'2015-11-06 11:37:37','User','1','admin Иван','Пользователь зашел в систему'),(1125,1,'2015-11-06 11:40:04','User','1','admin Иван','Пользователь зашел в систему'),(1126,1,'2015-11-06 11:46:19','User','1','admin Иван','Пользователь зашел в систему'),(1127,1,'2015-11-06 13:11:14','User','1','admin Иван','Пользователь зашел в систему'),(1128,1,'2015-11-06 13:13:10','User','1','admin Иван','Пользователь зашел в систему'),(1129,1,'2015-11-06 13:17:13','Country','18',' France','Загрузили из Excel'),(1130,1,'2015-11-06 13:17:13','OilStuff','1','синтетическое','Загрузили из Excel'),(1131,1,'2015-11-06 13:17:14','EngineType','5','бензиновый/дизельный','Загрузили из Excel'),(1132,1,'2015-11-06 13:17:14','Manufacturer','31','TOTAL Lubrifiants','Загрузили из Excel'),(1133,1,'2015-11-06 13:18:48','Country','18',' France','Загрузили из Excel'),(1134,1,'2015-11-06 13:18:48','OilStuff','1','синтетическое','Загрузили из Excel'),(1135,1,'2015-11-06 13:18:48','EngineType','5','бензиновый/дизельный','Загрузили из Excel'),(1136,1,'2015-11-06 13:18:48','Manufacturer','31','TOTAL Lubrifiants','Загрузили из Excel'),(1137,1,'2015-11-06 13:20:25','User','1','admin Иван','Пользователь зашел в систему'),(1138,1,'2015-11-06 13:20:29','Country','18',' France','Загрузили из Excel'),(1139,1,'2015-11-06 13:23:00','User','1','admin Иван','Пользователь зашел в систему'),(1140,1,'2015-11-06 13:43:00','User','1','admin Иван','Пользователь зашел в систему'),(1141,1,'2015-11-06 13:47:26','User','1','admin Иван','Пользователь зашел в систему'),(1142,1,'2015-11-06 13:47:48','Country','18',' France','Загрузили из Excel'),(1143,1,'2015-11-06 13:48:01','OilStuff','1','синтетическое','Загрузили из Excel'),(1144,1,'2015-11-06 13:48:01','EngineType','5','бензиновый/дизельный','Загрузили из Excel'),(1145,1,'2015-11-06 13:48:01','Manufacturer','31','TOTAL Lubrifiants','Загрузили из Excel'),(1146,1,'2015-11-06 13:48:04','MotorOil','3','Total Quartz 9000 5W-40 5Л','Загрузили из Excel'),(1147,1,'2015-11-06 13:48:04','Country','7','USA','Загрузили из Excel'),(1148,1,'2015-11-06 13:48:07','OilStuff','1','синтетическое','Загрузили из Excel'),(1149,1,'2015-11-06 13:48:08','EngineType','6',' бензиновый/дизельный','Загрузили из Excel'),(1150,1,'2015-11-06 13:48:08','Manufacturer','32','General Motors Company','Загрузили из Excel'),(1151,1,'2015-11-06 13:48:11','MotorOil','4','GM Longlife Dexos 2 5W-30 5л','Загрузили из Excel'),(1152,1,'2015-11-06 13:48:11','Country','7','USA','Загрузили из Excel'),(1153,1,'2015-11-06 13:48:11','OilStuff','1','синтетическое','Загрузили из Excel'),(1154,1,'2015-11-06 13:48:11','EngineType','5','бензиновый/дизельный','Загрузили из Excel'),(1155,1,'2015-11-06 13:48:11','Manufacturer','33',' Ford Motor Company','Загрузили из Excel'),(1156,1,'2015-11-06 13:48:11','MotorOil','5','Ford Formula F 5W-30 5л','Загрузили из Excel'),(1157,1,'2015-11-06 13:48:11','Country','19','France','Загрузили из Excel'),(1158,1,'2015-11-06 13:48:11','OilStuff','5','полусинтетическое','Загрузили из Excel'),(1159,1,'2015-11-06 13:48:12','EngineType','5','бензиновый/дизельный','Загрузили из Excel'),(1160,1,'2015-11-06 13:48:12','Manufacturer','31','TOTAL Lubrifiants','Загрузили из Excel'),(1161,1,'2015-11-06 13:48:12','MotorOil','6','Elf Evolution 700 STI 10W-40 5л','Загрузили из Excel'),(1162,1,'2015-11-06 13:48:12','Country','12','Франция','Загрузили из Excel'),(1163,1,'2015-11-06 13:48:12','OilStuff','1','синтетическое','Загрузили из Excel'),(1164,1,'2015-11-06 13:48:12','EngineType','5','бензиновый/дизельный','Загрузили из Excel'),(1165,1,'2015-11-06 13:48:12','Manufacturer','34','Motul Inc','Загрузили из Excel'),(1166,1,'2015-11-06 13:48:12','MotorOil','7','Motul 8100 X-cess 5W40 5л','Загрузили из Excel'),(1167,1,'2015-11-06 13:48:12','Country','7','USA','Загрузили из Excel'),(1168,1,'2015-11-06 13:48:12','OilStuff','1','синтетическое','Загрузили из Excel'),(1169,1,'2015-11-06 13:48:12','EngineType','6',' бензиновый/дизельный','Загрузили из Excel'),(1170,1,'2015-11-06 13:48:12','Manufacturer','35','Castrol Ltd','Загрузили из Excel'),(1171,1,'2015-11-06 13:48:12','MotorOil','8','Castrol Edge 5W-30 4л','Загрузили из Excel'),(1172,1,'2015-11-06 13:48:12','Country','19','France','Загрузили из Excel'),(1173,1,'2015-11-06 13:48:12','OilStuff','5','полусинтетическое','Загрузили из Excel'),(1174,1,'2015-11-06 13:48:12','EngineType','5','бензиновый/дизельный','Загрузили из Excel'),(1175,1,'2015-11-06 13:48:12','Manufacturer','31','TOTAL Lubrifiants','Загрузили из Excel'),(1176,1,'2015-11-06 13:48:12','MotorOil','9','Total Quartz 7000 10W-40 5Л','Загрузили из Excel'),(1177,1,'2015-11-06 13:48:12','Country','7','USA','Загрузили из Excel'),(1178,1,'2015-11-06 13:48:12','OilStuff','5','полусинтетическое','Загрузили из Excel'),(1179,1,'2015-11-06 13:48:12','EngineType','5','бензиновый/дизельный','Загрузили из Excel'),(1180,1,'2015-11-06 13:48:12','Manufacturer','32','General Motors Company','Загрузили из Excel'),(1181,1,'2015-11-06 13:48:12','MotorOil','10','GM OPEL 10W-40 5л','Загрузили из Excel'),(1182,1,'2015-11-06 13:48:12','Country','19','France','Загрузили из Excel'),(1183,1,'2015-11-06 13:48:12','OilStuff','1','синтетическое','Загрузили из Excel'),(1184,1,'2015-11-06 13:48:12','EngineType','5','бензиновый/дизельный','Загрузили из Excel'),(1185,1,'2015-11-06 13:48:13','Manufacturer','31','TOTAL Lubrifiants','Загрузили из Excel'),(1186,1,'2015-11-06 13:48:13','MotorOil','11','Elf Evolution 900 SXR 5W-40 5л','Загрузили из Excel'),(1187,1,'2015-11-06 13:48:13','Country','20','The Netherlands','Загрузили из Excel'),(1188,1,'2015-11-06 13:48:13','OilStuff','1','синтетическое','Загрузили из Excel'),(1189,1,'2015-11-06 13:48:13','EngineType','5','бензиновый/дизельный','Загрузили из Excel'),(1190,1,'2015-11-06 13:48:13','Manufacturer','36','Royal Dutch Shell plc','Загрузили из Excel'),(1191,1,'2015-11-06 13:48:13','MotorOil','12','Shell Helix Ultra 5W-40 4л','Загрузили из Excel'),(1192,1,'2015-11-06 13:51:40','User','1','admin Иван','Пользователь зашел в систему'),(1193,2,'2015-11-06 13:51:55','OilStuff','0','<empty>','Админ добавил/исправил состав масла'),(1194,2,'2015-11-06 13:53:24','OilStuff','6','gggggg','Админ добавил/исправил состав масла'),(1195,6,'2015-11-06 13:55:11','EngineType','7','ggggggggg','Админ добавил/исправил тип двигателя'),(1196,2,'2015-11-06 13:55:22','EngineType','0','<empty>','Админ добавил/исправил тип двигателя'),(1197,2,'2015-11-06 13:55:29','EngineType','0','<empty>','Админ добавил/исправил тип двигателя'),(1198,1,'2015-11-06 14:10:15','User','1','admin Иван','Пользователь зашел в систему'),(1199,1,'2015-11-06 14:14:18','User','1','admin Иван','Пользователь зашел в систему'),(1200,1,'2015-11-06 15:09:27','User','1','admin Иван','Пользователь зашел в систему'),(1201,1,'2015-11-06 15:16:26','User','1','admin Иван','Пользователь зашел в систему'),(1202,1,'2015-11-06 15:16:36','User','1','admin Иван','Пользователь зашел в систему'),(1203,1,'2015-11-06 15:24:21','User','1','admin Иван','Пользователь зашел в систему'),(1204,1,'2015-11-06 15:26:11','User','1','admin Иван','Пользователь зашел в систему'),(1205,1,'2015-11-06 15:26:21','User','1','admin Иван','Пользователь зашел в систему'),(1206,1,'2015-11-06 15:28:28','User','1','admin Иван','Пользователь зашел в систему'),(1207,1,'2015-11-06 15:33:57','User','1','admin Иван','Пользователь зашел в систему'),(1208,1,'2015-11-06 15:34:35','User','1','admin Иван','Пользователь зашел в систему'),(1209,1,'2015-11-06 15:35:15','User','1','admin Иван','Пользователь зашел в систему'),(1210,1,'2015-11-06 15:37:28','User','1','admin Иван','Пользователь зашел в систему'),(1211,1,'2015-11-06 15:43:35','User','1','admin Иван','Пользователь зашел в систему'),(1212,1,'2015-11-06 15:47:26','User','1','admin Иван','Пользователь зашел в систему'),(1213,1,'2015-11-06 15:47:53','User','1','admin Иван','Пользователь зашел в систему'),(1214,1,'2015-11-06 15:48:05','User','1','admin Иван','Пользователь зашел в систему'),(1215,1,'2015-11-06 15:55:13','User','1','admin Иван','Пользователь зашел в систему'),(1216,1,'2015-11-06 15:59:25','User','1','admin Иван','Пользователь зашел в систему'),(1217,1,'2015-11-06 16:18:36','User','1','admin Иван','Пользователь зашел в систему'),(1218,1,'2015-11-06 17:00:39','User','1','admin Иван','Пользователь зашел в систему'),(1219,1,'2015-11-06 17:47:24','User','1','admin Иван','Пользователь зашел в систему'),(1220,1,'2015-11-06 17:54:08','User','1','admin Иван','Пользователь зашел в систему'),(1221,1,'2015-11-06 17:55:00','Country','18',' France','Загрузили из Excel'),(1222,1,'2015-11-06 17:55:00','OilStuff','1','синтетическое','Загрузили из Excel'),(1223,1,'2015-11-06 17:55:00','EngineType','5','бензиновый/дизельный','Загрузили из Excel'),(1224,1,'2015-11-06 17:55:00','Manufacturer','31','TOTAL Lubrifiants','Загрузили из Excel'),(1225,1,'2015-11-06 17:55:00','MotorOil','13','Total Quartz 9000 5W-40 5Л','Загрузили из Excel'),(1226,1,'2015-11-06 17:55:00','Country','7','USA','Загрузили из Excel'),(1227,1,'2015-11-06 17:55:00','OilStuff','1','синтетическое','Загрузили из Excel'),(1228,1,'2015-11-06 17:55:00','EngineType','8',' бензиновый/дизельный','Загрузили из Excel'),(1229,1,'2015-11-06 17:55:00','Manufacturer','32','General Motors Company','Загрузили из Excel'),(1230,1,'2015-11-06 17:55:00','MotorOil','14','GM Longlife Dexos 2 5W-30 5л','Загрузили из Excel'),(1231,1,'2015-11-06 17:55:00','Country','7','USA','Загрузили из Excel'),(1232,1,'2015-11-06 17:55:00','OilStuff','1','синтетическое','Загрузили из Excel'),(1233,1,'2015-11-06 17:55:00','EngineType','5','бензиновый/дизельный','Загрузили из Excel'),(1234,1,'2015-11-06 17:55:00','Manufacturer','33',' Ford Motor Company','Загрузили из Excel'),(1235,1,'2015-11-06 17:55:00','MotorOil','15','Ford Formula F 5W-30 5л','Загрузили из Excel'),(1236,1,'2015-11-06 17:55:00','Country','19','France','Загрузили из Excel'),(1237,1,'2015-11-06 17:55:00','OilStuff','5','полусинтетическое','Загрузили из Excel'),(1238,1,'2015-11-06 17:55:01','EngineType','5','бензиновый/дизельный','Загрузили из Excel'),(1239,1,'2015-11-06 17:55:01','Manufacturer','31','TOTAL Lubrifiants','Загрузили из Excel'),(1240,1,'2015-11-06 17:55:01','MotorOil','16','Elf Evolution 700 STI 10W-40 5л','Загрузили из Excel'),(1241,1,'2015-11-06 17:55:01','Country','12','Франция','Загрузили из Excel'),(1242,1,'2015-11-06 17:55:01','OilStuff','1','синтетическое','Загрузили из Excel'),(1243,1,'2015-11-06 17:55:01','EngineType','5','бензиновый/дизельный','Загрузили из Excel'),(1244,1,'2015-11-06 17:55:01','Manufacturer','34','Motul Inc','Загрузили из Excel'),(1245,1,'2015-11-06 17:55:01','MotorOil','17','Motul 8100 X-cess 5W40 5л','Загрузили из Excel'),(1246,1,'2015-11-06 17:55:01','Country','7','USA','Загрузили из Excel'),(1247,1,'2015-11-06 17:55:01','OilStuff','1','синтетическое','Загрузили из Excel'),(1248,1,'2015-11-06 17:55:01','EngineType','8',' бензиновый/дизельный','Загрузили из Excel'),(1249,1,'2015-11-06 17:55:01','Manufacturer','35','Castrol Ltd','Загрузили из Excel'),(1250,1,'2015-11-06 17:55:01','MotorOil','18','Castrol Edge 5W-30 4л','Загрузили из Excel'),(1251,1,'2015-11-06 17:55:01','Country','19','France','Загрузили из Excel'),(1252,1,'2015-11-06 17:55:01','OilStuff','5','полусинтетическое','Загрузили из Excel'),(1253,1,'2015-11-06 17:55:01','EngineType','5','бензиновый/дизельный','Загрузили из Excel'),(1254,1,'2015-11-06 17:55:01','Manufacturer','31','TOTAL Lubrifiants','Загрузили из Excel'),(1255,1,'2015-11-06 17:55:01','MotorOil','19','Total Quartz 7000 10W-40 5Л','Загрузили из Excel'),(1256,1,'2015-11-06 17:55:01','Country','7','USA','Загрузили из Excel'),(1257,1,'2015-11-06 17:55:01','OilStuff','5','полусинтетическое','Загрузили из Excel'),(1258,1,'2015-11-06 17:55:01','EngineType','5','бензиновый/дизельный','Загрузили из Excel'),(1259,1,'2015-11-06 17:55:01','Manufacturer','32','General Motors Company','Загрузили из Excel'),(1260,1,'2015-11-06 17:55:01','MotorOil','20','GM OPEL 10W-40 5л','Загрузили из Excel'),(1261,1,'2015-11-06 17:55:01','Country','19','France','Загрузили из Excel'),(1262,1,'2015-11-06 17:55:01','OilStuff','1','синтетическое','Загрузили из Excel'),(1263,1,'2015-11-06 17:55:01','EngineType','5','бензиновый/дизельный','Загрузили из Excel'),(1264,1,'2015-11-06 17:55:01','Manufacturer','31','TOTAL Lubrifiants','Загрузили из Excel'),(1265,1,'2015-11-06 17:55:01','MotorOil','21','Elf Evolution 900 SXR 5W-40 5л','Загрузили из Excel'),(1266,1,'2015-11-06 17:55:01','Country','20','The Netherlands','Загрузили из Excel'),(1267,1,'2015-11-06 17:55:01','OilStuff','1','синтетическое','Загрузили из Excel'),(1268,1,'2015-11-06 17:55:01','EngineType','5','бензиновый/дизельный','Загрузили из Excel'),(1269,1,'2015-11-06 17:55:02','Manufacturer','36','Royal Dutch Shell plc','Загрузили из Excel'),(1270,1,'2015-11-06 17:55:02','MotorOil','22','Shell Helix Ultra 5W-40 4л','Загрузили из Excel'),(1271,1,'2015-11-06 17:56:31','User','1','admin Иван','Пользователь зашел в систему'),(1272,1,'2015-11-06 17:56:47','Country','18',' France','Загрузили из Excel'),(1273,1,'2015-11-06 17:56:47','OilStuff','1','синтетическое','Загрузили из Excel'),(1274,1,'2015-11-06 17:56:47','EngineType','5','бензиновый/дизельный','Загрузили из Excel'),(1275,1,'2015-11-06 17:56:47','Manufacturer','31','TOTAL Lubrifiants','Загрузили из Excel'),(1276,1,'2015-11-06 17:56:47','MotorOil','0','','Загрузили из Excel'),(1277,1,'2015-11-06 17:56:47','Country','7','USA','Загрузили из Excel'),(1278,1,'2015-11-06 17:56:47','OilStuff','1','синтетическое','Загрузили из Excel'),(1279,1,'2015-11-06 17:56:47','EngineType','8',' бензиновый/дизельный','Загрузили из Excel'),(1280,1,'2015-11-06 17:56:47','Manufacturer','32','General Motors Company','Загрузили из Excel'),(1281,1,'2015-11-06 17:56:47','MotorOil','0','','Загрузили из Excel'),(1282,1,'2015-11-06 17:56:47','Country','7','USA','Загрузили из Excel'),(1283,1,'2015-11-06 17:56:47','OilStuff','1','синтетическое','Загрузили из Excel'),(1284,1,'2015-11-06 17:56:47','EngineType','5','бензиновый/дизельный','Загрузили из Excel'),(1285,1,'2015-11-06 17:56:47','Manufacturer','33',' Ford Motor Company','Загрузили из Excel'),(1286,1,'2015-11-06 17:56:47','MotorOil','0','','Загрузили из Excel'),(1287,1,'2015-11-06 17:56:47','Country','19','France','Загрузили из Excel'),(1288,1,'2015-11-06 17:56:47','OilStuff','5','полусинтетическое','Загрузили из Excel'),(1289,1,'2015-11-06 17:56:47','EngineType','5','бензиновый/дизельный','Загрузили из Excel'),(1290,1,'2015-11-06 17:56:47','Manufacturer','31','TOTAL Lubrifiants','Загрузили из Excel'),(1291,1,'2015-11-06 17:56:47','MotorOil','0','','Загрузили из Excel'),(1292,1,'2015-11-06 17:56:47','Country','12','Франция','Загрузили из Excel'),(1293,1,'2015-11-06 17:56:47','OilStuff','1','синтетическое','Загрузили из Excel'),(1294,1,'2015-11-06 17:56:47','EngineType','5','бензиновый/дизельный','Загрузили из Excel'),(1295,1,'2015-11-06 17:56:47','Manufacturer','34','Motul Inc','Загрузили из Excel'),(1296,1,'2015-11-06 17:56:48','MotorOil','0','','Загрузили из Excel'),(1297,1,'2015-11-06 17:56:48','Country','7','USA','Загрузили из Excel'),(1298,1,'2015-11-06 17:56:48','OilStuff','1','синтетическое','Загрузили из Excel'),(1299,1,'2015-11-06 17:56:48','EngineType','8',' бензиновый/дизельный','Загрузили из Excel'),(1300,1,'2015-11-06 17:56:48','Manufacturer','35','Castrol Ltd','Загрузили из Excel'),(1301,1,'2015-11-06 17:56:48','MotorOil','0','','Загрузили из Excel'),(1302,1,'2015-11-06 17:56:48','Country','19','France','Загрузили из Excel'),(1303,1,'2015-11-06 17:56:48','OilStuff','5','полусинтетическое','Загрузили из Excel'),(1304,1,'2015-11-06 17:56:48','EngineType','5','бензиновый/дизельный','Загрузили из Excel'),(1305,1,'2015-11-06 17:56:48','Manufacturer','31','TOTAL Lubrifiants','Загрузили из Excel'),(1306,1,'2015-11-06 17:56:48','MotorOil','0','','Загрузили из Excel'),(1307,1,'2015-11-06 17:56:48','Country','7','USA','Загрузили из Excel'),(1308,1,'2015-11-06 17:56:48','OilStuff','5','полусинтетическое','Загрузили из Excel'),(1309,1,'2015-11-06 17:56:48','EngineType','5','бензиновый/дизельный','Загрузили из Excel'),(1310,1,'2015-11-06 17:56:48','Manufacturer','32','General Motors Company','Загрузили из Excel'),(1311,1,'2015-11-06 17:56:48','MotorOil','0','','Загрузили из Excel'),(1312,1,'2015-11-06 17:56:48','Country','19','France','Загрузили из Excel'),(1313,1,'2015-11-06 17:56:48','OilStuff','1','синтетическое','Загрузили из Excel'),(1314,1,'2015-11-06 17:56:48','EngineType','5','бензиновый/дизельный','Загрузили из Excel'),(1315,1,'2015-11-06 17:56:48','Manufacturer','31','TOTAL Lubrifiants','Загрузили из Excel'),(1316,1,'2015-11-06 17:56:48','MotorOil','0','','Загрузили из Excel'),(1317,1,'2015-11-06 17:56:48','Country','20','The Netherlands','Загрузили из Excel'),(1318,1,'2015-11-06 17:56:48','OilStuff','1','синтетическое','Загрузили из Excel'),(1319,1,'2015-11-06 17:56:48','EngineType','5','бензиновый/дизельный','Загрузили из Excel'),(1320,1,'2015-11-06 17:56:48','Manufacturer','36','Royal Dutch Shell plc','Загрузили из Excel'),(1321,1,'2015-11-06 17:56:48','MotorOil','0','','Загрузили из Excel'),(1322,1,'2015-11-06 17:58:08','User','1','admin Иван','Пользователь зашел в систему'),(1323,1,'2015-11-06 17:58:24','Country','18',' France','Загрузили из Excel'),(1324,1,'2015-11-06 17:58:24','OilStuff','1','синтетическое','Загрузили из Excel'),(1325,1,'2015-11-06 17:58:24','EngineType','5','бензиновый/дизельный','Загрузили из Excel'),(1326,1,'2015-11-06 17:58:24','Manufacturer','31','TOTAL Lubrifiants','Загрузили из Excel'),(1327,1,'2015-11-06 17:58:24','MotorOil','0','','Загрузили из Excel'),(1328,1,'2015-11-06 17:58:24','Country','7','USA','Загрузили из Excel'),(1329,1,'2015-11-06 17:58:24','OilStuff','1','синтетическое','Загрузили из Excel'),(1330,1,'2015-11-06 17:58:24','EngineType','8',' бензиновый/дизельный','Загрузили из Excel'),(1331,1,'2015-11-06 17:58:24','Manufacturer','32','General Motors Company','Загрузили из Excel'),(1332,1,'2015-11-06 17:58:24','MotorOil','0','','Загрузили из Excel'),(1333,1,'2015-11-06 17:58:24','Country','7','USA','Загрузили из Excel'),(1334,1,'2015-11-06 17:58:24','OilStuff','1','синтетическое','Загрузили из Excel'),(1335,1,'2015-11-06 17:58:24','EngineType','5','бензиновый/дизельный','Загрузили из Excel'),(1336,1,'2015-11-06 17:58:24','Manufacturer','33',' Ford Motor Company','Загрузили из Excel'),(1337,1,'2015-11-06 17:58:24','MotorOil','0','','Загрузили из Excel'),(1338,1,'2015-11-06 17:58:24','Country','19','France','Загрузили из Excel'),(1339,1,'2015-11-06 17:58:24','OilStuff','5','полусинтетическое','Загрузили из Excel'),(1340,1,'2015-11-06 17:58:24','EngineType','5','бензиновый/дизельный','Загрузили из Excel'),(1341,1,'2015-11-06 17:58:24','Manufacturer','31','TOTAL Lubrifiants','Загрузили из Excel'),(1342,1,'2015-11-06 17:58:24','MotorOil','0','','Загрузили из Excel'),(1343,1,'2015-11-06 17:58:24','Country','12','Франция','Загрузили из Excel'),(1344,1,'2015-11-06 17:58:24','OilStuff','1','синтетическое','Загрузили из Excel'),(1345,1,'2015-11-06 17:58:25','EngineType','5','бензиновый/дизельный','Загрузили из Excel'),(1346,1,'2015-11-06 17:58:25','Manufacturer','34','Motul Inc','Загрузили из Excel'),(1347,1,'2015-11-06 17:58:25','MotorOil','0','','Загрузили из Excel'),(1348,1,'2015-11-06 17:58:25','Country','7','USA','Загрузили из Excel'),(1349,1,'2015-11-06 17:58:25','OilStuff','1','синтетическое','Загрузили из Excel'),(1350,1,'2015-11-06 17:58:25','EngineType','8',' бензиновый/дизельный','Загрузили из Excel'),(1351,1,'2015-11-06 17:58:25','Manufacturer','35','Castrol Ltd','Загрузили из Excel'),(1352,1,'2015-11-06 17:58:25','MotorOil','0','','Загрузили из Excel'),(1353,1,'2015-11-06 17:58:25','Country','19','France','Загрузили из Excel'),(1354,1,'2015-11-06 17:58:25','OilStuff','5','полусинтетическое','Загрузили из Excel'),(1355,1,'2015-11-06 17:58:25','EngineType','5','бензиновый/дизельный','Загрузили из Excel'),(1356,1,'2015-11-06 17:58:25','Manufacturer','31','TOTAL Lubrifiants','Загрузили из Excel'),(1357,1,'2015-11-06 17:58:25','MotorOil','0','','Загрузили из Excel'),(1358,1,'2015-11-06 17:58:25','Country','7','USA','Загрузили из Excel'),(1359,1,'2015-11-06 17:58:25','OilStuff','5','полусинтетическое','Загрузили из Excel'),(1360,1,'2015-11-06 17:58:25','EngineType','5','бензиновый/дизельный','Загрузили из Excel'),(1361,1,'2015-11-06 17:58:25','Manufacturer','32','General Motors Company','Загрузили из Excel'),(1362,1,'2015-11-06 17:58:25','MotorOil','0','','Загрузили из Excel'),(1363,1,'2015-11-06 17:58:25','Country','19','France','Загрузили из Excel'),(1364,1,'2015-11-06 17:58:25','OilStuff','1','синтетическое','Загрузили из Excel'),(1365,1,'2015-11-06 17:58:25','EngineType','5','бензиновый/дизельный','Загрузили из Excel'),(1366,1,'2015-11-06 17:58:25','Manufacturer','31','TOTAL Lubrifiants','Загрузили из Excel'),(1367,1,'2015-11-06 17:58:25','MotorOil','0','','Загрузили из Excel'),(1368,1,'2015-11-06 17:58:25','Country','20','The Netherlands','Загрузили из Excel'),(1369,1,'2015-11-06 17:58:25','OilStuff','1','синтетическое','Загрузили из Excel'),(1370,1,'2015-11-06 17:58:25','EngineType','5','бензиновый/дизельный','Загрузили из Excel'),(1371,1,'2015-11-06 17:58:25','Manufacturer','36','Royal Dutch Shell plc','Загрузили из Excel'),(1372,1,'2015-11-06 17:58:25','MotorOil','0','','Загрузили из Excel'),(1373,1,'2015-11-06 17:58:34','User','1','admin Иван','Пользователь зашел в систему'),(1374,1,'2015-11-06 18:01:59','MotorOil','0','','Загрузили из Excel, изменение цен'),(1375,1,'2015-11-06 18:56:13','MotorOil','0','','Загрузили из Excel, изменение цен'),(1376,1,'2015-11-06 19:02:59','User','1','admin Иван','Пользователь зашел в систему'),(1377,1,'2015-11-06 19:17:24','User','1','admin Иван','Пользователь зашел в систему'),(1378,1,'2015-11-06 19:18:46','MotorOil','0','','Загрузили из Excel, изменение цен'),(1379,1,'2015-11-06 19:20:45','MotorOil','0','','Загрузили из Excel, изменение цен'),(1380,1,'2015-11-06 19:24:51','MotorOil','0','','Загрузили из Excel, изменение цен'),(1381,1,'2015-11-06 19:30:24','MotorOil','0','','Загрузили из Excel, изменение цен'),(1382,1,'2015-11-06 19:42:57','User','1','admin Иван','Пользователь зашел в систему'),(1383,1,'2015-11-06 19:43:10','MotorOil','0','','Загрузили из Excel, изменение цен'),(1384,1,'2015-11-06 19:43:37','MotorOil','0','','Загрузили из Excel, изменение цен'),(1385,1,'2015-11-06 19:44:53','User','1','admin Иван','Пользователь зашел в систему'),(1386,1,'2015-11-06 19:45:06','MotorOil','0','','Загрузили из Excel, изменение цен'),(1387,1,'2015-11-06 19:47:56','User','1','admin Иван','Пользователь зашел в систему'),(1388,1,'2015-11-06 19:48:09','MotorOil','0','','Загрузили из Excel, изменение цен'),(1389,1,'2015-11-06 19:48:45','Price','139','','Загрузили из Excel, изменение цен'),(1390,1,'2015-11-06 19:48:47','MotorOil','0','','Загрузили из Excel, изменение цен'),(1391,1,'2015-11-06 19:48:57','Price','140','','Загрузили из Excel, изменение цен'),(1392,1,'2015-11-06 19:48:57','MotorOil','0','','Загрузили из Excel, изменение цен'),(1393,1,'2015-11-06 19:48:57','Price','141','','Загрузили из Excel, изменение цен'),(1394,1,'2015-11-06 19:54:50','User','1','admin Иван','Пользователь зашел в систему'),(1395,1,'2015-11-06 20:13:19','User','1','admin Иван','Пользователь зашел в систему'),(1396,1,'2015-11-06 20:13:47','BrakingFluid','0','','Изменён товар'),(1397,1,'2015-11-06 20:14:33','BrakingFluid','0','','Изменён товар'),(1398,1,'2015-11-06 20:17:01','BrakingFluid','0','','Изменён товар'),(1399,1,'2015-11-06 20:20:27','User','1','admin Иван','Пользователь зашел в систему'),(1400,1,'2015-11-10 19:42:46','User','1','admin Иван','Пользователь зашел в систему'),(1401,1,'2015-11-10 19:44:50','User','1','admin Иван','Пользователь зашел в систему'),(1402,1,'2015-11-10 19:45:11','User','1','admin Иван','Пользователь зашел в систему'),(1403,1,'2015-11-10 19:56:30','User','1','admin Иван','Пользователь зашел в систему'),(1404,1,'2015-11-10 20:11:29','User','1','admin Иван','Пользователь зашел в систему'),(1405,1,'2015-11-10 20:28:15','User','1','admin Иван','Пользователь зашел в систему'),(1406,1,'2015-11-10 20:30:52','User','1','admin Иван','Пользователь зашел в систему'),(1407,1,'2015-11-10 21:07:54','User','1','admin Иван','Пользователь зашел в систему'),(1408,1,'2015-11-10 21:28:37','User','1','admin Иван','Пользователь зашел в систему'),(1409,1,'2015-11-10 21:29:45','MotorOil','23','Name2','Создан товар: моторное масло'),(1410,1,'2015-11-10 22:00:34','User','1','admin Иван','Пользователь зашел в систему'),(1411,1,'2015-11-10 22:05:04','MotorOil','24','Nme4','Создан товар: моторное масло'),(1412,1,'2015-11-10 22:05:13','Price','24','','Создана цена для 24. Nme4'),(1413,1,'2015-11-10 22:29:32','User','1','admin Иван','Пользователь зашел в систему'),(1414,1,'2015-11-10 22:30:27','MotorOil','25','name5','Создан товар: моторное масло'),(1415,1,'2015-11-10 22:30:27','Price','25','','Создана цена для 25. name5'),(1416,1,'2015-11-10 23:04:28','User','1','admin Иван','Пользователь зашел в систему'),(1417,1,'2015-11-10 23:13:28','User','1','admin Иван','Пользователь зашел в систему'),(1418,1,'2015-11-10 23:15:43','User','1','admin Иван','Пользователь зашел в систему'),(1419,1,'2015-11-10 23:16:15','User','1','admin Иван','Пользователь зашел в систему'),(1420,1,'2015-11-10 23:20:00','User','1','admin Иван','Пользователь зашел в систему'),(1421,1,'2015-11-10 23:20:12','User','1','admin Иван','Пользователь зашел в систему'),(1422,1,'2015-11-10 23:22:19','User','1','admin Иван','Пользователь зашел в систему'),(1423,1,'2015-11-10 23:30:06','User','1','admin Иван','Пользователь зашел в систему'),(1424,1,'2015-11-10 23:32:18','User','1','admin Иван','Пользователь зашел в систему'),(1425,1,'2015-11-11 00:16:13','User','1','admin Иван','Пользователь зашел в систему'),(1426,1,'2015-11-11 00:39:06','User','1','admin Иван','Пользователь зашел в систему'),(1427,1,'2015-11-11 00:45:41','User','1','admin Иван','Пользователь зашел в систему'),(1428,1,'2015-11-11 01:18:36','User','1','admin Иван','Пользователь зашел в систему'),(1429,0,'2015-11-11 01:22:07',NULL,'0',NULL,'Создана заявка'),(1430,0,'2015-11-11 01:23:25',NULL,'0',NULL,'Создана заявка'),(1431,0,'2015-11-11 01:23:44',NULL,'0',NULL,'Создана заявка'),(1432,0,'2015-11-11 01:24:45',NULL,'0',NULL,'Создана заявка'),(1433,1,'2015-11-11 01:26:59','User','1','admin Иван','Пользователь зашел в систему'),(1434,1,'2015-11-11 01:27:11','User','1','admin Иван','Пользователь зашел в систему'),(1435,1,'2015-11-11 01:27:31',NULL,'0',NULL,'Создано бизнес-предложение'),(1436,1,'2015-11-11 01:28:02','User','1','admin Иван','Пользователь зашел в систему'),(1437,1,'2015-11-11 01:32:51','User','1','admin Иван','Пользователь зашел в систему'),(1438,5,'2015-11-11 01:33:11','OilStuff','0','<empty>','Админ добавил/исправил состав масла'),(1439,5,'2015-11-11 01:33:17','OilStuff','0','<empty>','Админ добавил/исправил состав масла'),(1440,1,'2015-11-11 01:34:46','MotorOil','0','','Изменён товар: моторное масло'),(1441,1,'2015-11-11 01:36:20','MotorOil','26','Name6','Создан товар: моторное масло'),(1442,1,'2015-11-11 01:36:20','Price','26','','Создана цена для 26. Name6'),(1443,1,'2015-11-11 01:37:24','User','1','admin Иван','Пользователь зашел в систему'),(1444,1,'2015-11-11 01:38:15','MotorOil','0','','Создан товар: моторное масло'),(1445,1,'2015-11-11 01:40:55','User','1','admin Иван','Пользователь зашел в систему'),(1446,1,'2015-11-11 01:41:46','MotorOil','27','Name61','Создан товар: моторное масло'),(1447,1,'2015-11-11 01:41:46','Price','27','','Создана цена для 27. Name61'),(1448,1,'2015-11-11 01:42:08','MotorOil','0','','Изменён товар: моторное масло'),(1449,1,'2015-11-11 01:42:43',NULL,'0',NULL,'Создано бизнес-предложение'),(1450,1,'2015-11-11 01:42:55',NULL,'0',NULL,'Создана заявка'),(1451,1,'2015-11-11 01:43:05','User','1','admin Иван','Пользователь зашел в систему'),(1452,5,'2015-11-11 01:43:21','OilStuff','0','<empty>','Админ добавил/исправил состав масла'),(1453,5,'2015-11-11 01:43:29','OilStuff','0','<empty>','Админ добавил/исправил состав масла'),(1454,1,'2015-11-11 01:44:26','User','1','admin Иван','Пользователь зашел в систему');
/*!40000 ALTER TABLE `log` ENABLE KEYS */;
UNLOCK TABLES;

--
-- Table structure for table `manufacturer`
--

DROP TABLE IF EXISTS `manufacturer`;
/*!40101 SET @saved_cs_client     = @@character_set_client */;
/*!40101 SET character_set_client = utf8 */;
CREATE TABLE `manufacturer` (
  `id` int(11) NOT NULL AUTO_INCREMENT,
  `name` varchar(45) DEFAULT NULL,
  `country` int(11) DEFAULT '0',
  `isManufacturer` bit(1) NOT NULL DEFAULT b'0',
  PRIMARY KEY (`id`),
  KEY `country_idx` (`country`),
  KEY `country_manufacturer_idx` (`country`)
) ENGINE=InnoDB AUTO_INCREMENT=38 DEFAULT CHARSET=utf8 COMMENT='Manufacturer of braking fluid';
/*!40101 SET character_set_client = @saved_cs_client */;

--
-- Dumping data for table `manufacturer`
--

LOCK TABLES `manufacturer` WRITE;
/*!40000 ALTER TABLE `manufacturer` DISABLE KEYS */;
INSERT INTO `manufacturer` VALUES (1,'Toyota',6,''),(2,'XuXuXu',6,''),(3,'BMW',2,''),(4,'Наши жидкости',1,''),(12,'Procter&Gamble',0,''),(13,'Apple',8,''),(14,'ООО ВыхтехКруг',10,''),(15,'ДойчеМоторен',3,''),(16,'Дрозды Инкорпорейтед',1,''),(17,'ИП Тояма',5,''),(18,'Буш и братья Inc',7,''),(19,'Comma',11,''),(20,'Bosch',3,''),(21,'TRW',3,''),(22,'Fuchs',3,''),(23,'Elf',12,''),(24,'Ford',4,''),(25,' FELIX',13,''),(26,'Castrol',4,''),(27,'BP__',11,''),(28,'dddddd',1,''),(29,'Сила продаж (Фирма А)',1,'\0'),(30,'Хозяин (Фирма Б)',1,'\0'),(31,'TOTAL Lubrifiants',18,''),(32,'General Motors Company',7,''),(33,' Ford Motor Company',7,''),(34,'Motul Inc',12,''),(35,'Castrol Ltd',7,''),(36,'Royal Dutch Shell plc',20,''),(37,'Выберите получателя',21,'');
/*!40000 ALTER TABLE `manufacturer` ENABLE KEYS */;
UNLOCK TABLES;

--
-- Table structure for table `motoroils`
--

DROP TABLE IF EXISTS `motoroils`;
/*!40101 SET @saved_cs_client     = @@character_set_client */;
/*!40101 SET character_set_client = utf8 */;
CREATE TABLE `motoroils` (
  `id` int(11) NOT NULL AUTO_INCREMENT,
  `name` varchar(45) DEFAULT NULL,
  `description` text,
  `engineType` int(11) DEFAULT NULL,
  `oilstuff` int(11) DEFAULT NULL,
  `judgement` double DEFAULT '0',
  `price` double DEFAULT '0',
  `photo` varchar(70) DEFAULT NULL,
  `Specification` text,
  `value` double DEFAULT '0',
  `Viscosity` varchar(8) DEFAULT NULL,
  `manufacturer` int(11) DEFAULT NULL,
  PRIMARY KEY (`id`),
  UNIQUE KEY `id_UNIQUE` (`id`),
  KEY `manufacturere_oil_idx` (`manufacturer`),
  KEY `oilstuff_idx` (`oilstuff`),
  KEY `enginetype_idx` (`engineType`),
  CONSTRAINT `enineType` FOREIGN KEY (`engineType`) REFERENCES `enginetype` (`id`) ON DELETE NO ACTION ON UPDATE NO ACTION,
  CONSTRAINT `manufacturere_oil` FOREIGN KEY (`manufacturer`) REFERENCES `manufacturer` (`id`) ON DELETE NO ACTION ON UPDATE NO ACTION,
  CONSTRAINT `oilstuff` FOREIGN KEY (`oilstuff`) REFERENCES `oilstuff` (`id`) ON DELETE NO ACTION ON UPDATE NO ACTION
) ENGINE=InnoDB AUTO_INCREMENT=28 DEFAULT CHARSET=utf8;
/*!40101 SET character_set_client = @saved_cs_client */;

--
-- Dumping data for table `motoroils`
--

LOCK TABLES `motoroils` WRITE;
/*!40000 ALTER TABLE `motoroils` DISABLE KEYS */;
INSERT INTO `motoroils` VALUES (13,'Total Quartz 9000 5W-40 5Л','Универсальное синтетическое моторное масло для бензиновых и дизельных двигателей. Рекомендуется для турбированных, мультиклапанных двигателей и двигателей с прямым впрыском.',5,1,4.8,516000,'Oil1.jpg','ACEA A3/B4;\nAPI: SN/CF;\nPEUGEOT CITROEN: B71 2296;\nVOLKSWAGEN: 502.00/505.00;\nBMW: LL-01;\nMB: 229.3;\nPORSCHE A40.',5,'5W-40',31),(14,'GM Longlife Dexos 2 5W-30 5л','GM Dexos 2 Longlife 5W-30 относится к маслам с длительным сроком эксплуатации. Обладает отличной вязкостной стабильностью при высоких рабочих температурах. Содержит двигатель в абсолютной чистоте, и предохраняет от осадков, окислов и износа, даже при высоких температурах. Низкая вязкость делает холодные старты легкими и неощутимыми. Увеличивает работоспособность каталитического нейтрализатора, чем уменьшает нежелательные выбросы в атмосферу.',5,1,4,390000,'Oil2.jpg','API SM/CF;\nACEA A3/B4, C3;\nGM-LL-A-025;\nGM-LL-B-025; \nBMW Longlife-04; \nVW 502.00,505.00,505.01;\nMB 229.51.',5,'5W-30',32),(15,'Ford Formula F 5W-30 5л','Ford Formula F 5W-30 - это специальное топливосберегающее масло для современных двигателей Ford с высокими эксплуатационными характеристиками, работающих в различных условиях эксплуатации.\nРекомендовано для большинства существующих, а также для перспективных моделей Ford европейского модельного ряда.\n\nРекомендовано для бензиновых и дизельных двигателей Ford.',5,1,0,480000,'Oil3.jpg','ACEA A5/B5;\nFord: WSS-M2C913-C;\nWSS-M2C913-B, WSS-M2C913-A',5,'5W-30',33),(16,'Elf Evolution 700 STI 10W-40 5л','Изготовлено на основе полусинтетической технологии. Сохраняет технические показатели в течение всего срока службы, увеличивая интервалы между сменами масла. Оптимизировано в соответствии с требованиями новой технологии прямого впрыска в дизельных двигателях. Адаптировано для любого вида эксплуатации (город, магистраль, длительные автомобильные поездки), а также для наиболее сложных условий (высокие температуры). Детергентные свойства позволяют сохранить чистоту и уменьшить износ двигателя. Широкий диапазон вязкости способствует быстрой смазке деталей двигателя при холодном запуске.',5,5,5,380000,'Oil4.jpg','ACEA A3/B4;\nAPI SL/CF;\nVW 501.01/505.00;\nMB-Approval 229.1.',5,'10W-40',31),(17,'Motul 8100 X-cess 5W40 5л','Специально разработано для современных мощных, с большим объемом двигателей легковых автомобилей, для бензиновых и дизельных двигателей с непосредственным впрыском, оснащенных системами нейтрализации отработанных газов.',5,1,4,940000,'Oil5.jpg','ACEA A3/B4;\nAPI SN/CF;\nBMW LL-01;\nFIAT 9.55535 - H2/M2/N2;\nGM-OPEL LL-B025;\nMB-Approval 229.5/226.5;\nPORSCHE A40;\nRENAULT RN0710/RN0700;\nVW 502 00, 505 00.',5,'5W-40',34),(18,'Castrol Edge 5W-30 4л','Композиция этого продукта снижает интенсивность процесса блокировки дизельных сажевых фильтров, продлевая срок их службы. Моторное масло Castrol EDGE 5W-30 в равной степени предназначено для автомобилей как с бензиновым, так и с дизельным двигателями, где требуются спецификации VW 504 00 и 507 00. В дополнение к очищающим свойствам противоизносные присадки EDGE 5W-30 обеспечивает надёжную защиту современных двигателей с турбонагнетателем, FSI и TDI. EDGE 5W-30 одобрено к использованию в современных дизельных моторах BMW, а также в бензиновых и дизельных двигателях Mercedes, в том числе оснащённых сажевыми фильтрами (DPF), требующих спецификации BMW Longlife-04 или MB-Approval 229.51.',5,1,5,700000,'Oil6.jpg','ACEA A3/B3, A3/B4, C3;\nVW 504 00/ 507 00; \nVW 503 01;\nMB-Approval 229.51.',4,'5W-30',35),(19,'Total Quartz 7000 10W-40 5Л','Полусинтетическое моторное масло, производимое по улучшенной\nрецептуре 2008 года. Современное базовое масло совместно со специальными присадками\nпридают маслу улучшенные эксплуатационные характеристики.',5,5,4.7,399000,'Oil7.jpg','API SJ/CF ACEA A3-96/B3-96',5,'10W-40',31),(20,'GM OPEL 10W-40 5л','',5,5,4.7,325000,'Oil8.jpg','ACEA A3/B3/B4',5,'10W-40',32),(21,'Elf Evolution 900 SXR 5W-40 5л','Моторное масло, изготовленное по синтетической технологии для бензиновых и дизельных двигателей. Высокая технологичность производства данного масла позволяет получить от двигателя оптимальные эксплуатационные характеристики и способствует увеличению срока службы двигателя. Масло разработано специально для двигателей Renault.',5,1,5,560000,'Oil9.jpg','ACEA A3/B4;\nAPI SN/CF;\nRenault RN0700;\nRenault RN0710.',5,'5W-40',31),(22,'Shell Helix Ultra 5W-40 4л','100% Синтетическое масло экстра-класса c максимальным уровнем моющих характеристик для самых современных бензиновых и дизельных двигателей, в т.ч. с каталитическими нейтрализаторами и сажевыми фильтрами. Единственное масло, рекомендованное Ferrari.',5,1,3.6,630000,'Oil10.jpg','API SM/CF;\nACEA A3/B3/B4; \nMB 229.5;\nVW 502.00/505.00/503.01;\nBMW Longlife-01;\nFerrari;\nPorsche A40;\nRenault RN0710,RN0710;\nFIAT 9.55535.Z2.',4,'5W-40',36),(23,'Name2','Описание2',2,5,0,100,'Oil10.jpg','',2,'10E-1000',26),(24,'Nme4','sadasd4',1,5,3,14,'Oil4.jpg','asdasdasd',2,'qqqq',25),(25,'name5','555-----',3,3,0,55,'Oil6.jpg','ddddddddddddd',6,'121212',26),(26,'Name6','adfasf',2,5,0,111,'Oil4.jpg','sdfsdf',3,'121212',24),(27,'Name61','ssss',2,5,0,122,'Oil2.jpg','ssssss',2,'121212',26);
/*!40000 ALTER TABLE `motoroils` ENABLE KEYS */;
UNLOCK TABLES;

--
-- Table structure for table `offer`
--

DROP TABLE IF EXISTS `offer`;
/*!40101 SET @saved_cs_client     = @@character_set_client */;
/*!40101 SET character_set_client = utf8 */;
CREATE TABLE `offer` (
  `id` int(11) NOT NULL AUTO_INCREMENT,
  `time` datetime DEFAULT NULL,
  `offer_id` varchar(50) DEFAULT NULL,
  `brakingFluid` int(11) DEFAULT NULL,
  `quantity` int(11) DEFAULT '0',
  `price` double DEFAULT '0',
  `status` int(11) DEFAULT NULL,
  `user` int(11) DEFAULT NULL,
  PRIMARY KEY (`id`),
  UNIQUE KEY `id_UNIQUE` (`id`),
  KEY `brakingFluid_idx` (`brakingFluid`),
  KEY `status_idx` (`status`),
  KEY `user_offer_idx` (`user`),
  CONSTRAINT `fluid` FOREIGN KEY (`brakingFluid`) REFERENCES `brakingfluids` (`id`) ON DELETE NO ACTION ON UPDATE NO ACTION,
  CONSTRAINT `status` FOREIGN KEY (`status`) REFERENCES `offerstatus` (`id`) ON DELETE NO ACTION ON UPDATE NO ACTION,
  CONSTRAINT `user_offer` FOREIGN KEY (`user`) REFERENCES `users` (`id`) ON DELETE NO ACTION ON UPDATE NO ACTION
) ENGINE=InnoDB AUTO_INCREMENT=9 DEFAULT CHARSET=utf8;
/*!40101 SET character_set_client = @saved_cs_client */;

--
-- Dumping data for table `offer`
--

LOCK TABLES `offer` WRITE;
/*!40000 ALTER TABLE `offer` DISABLE KEYS */;
INSERT INTO `offer` VALUES (1,'2015-10-15 22:02:29','Offer_2015-10-15:22:2:24',125,2,160000,NULL,6),(2,'2015-10-15 22:04:24','Offer_2015-10-15:22:4:22',125,1,160000,NULL,6),(3,'2015-10-15 22:04:24','Offer_2015-10-15:22:4:22',128,1,126000,NULL,6),(4,'2015-10-16 02:54:55','Offer_2015-10-16:2:54:51',129,2,64300,NULL,6),(5,'2015-10-16 03:17:47','Offer_2015-10-16:3:17:43',125,2,160000,NULL,6),(6,'2015-10-16 03:17:47','Offer_2015-10-16:3:17:43',128,2,126000,NULL,6),(7,'2015-10-16 03:27:20','Offer_2015-10-16:3:27:15',129,2,64300,NULL,6),(8,'2015-10-16 03:27:20','Offer_2015-10-16:3:27:15',125,2,160000,NULL,6);
/*!40000 ALTER TABLE `offer` ENABLE KEYS */;
UNLOCK TABLES;

--
-- Table structure for table `offerstatus`
--

DROP TABLE IF EXISTS `offerstatus`;
/*!40101 SET @saved_cs_client     = @@character_set_client */;
/*!40101 SET character_set_client = utf8 */;
CREATE TABLE `offerstatus` (
  `id` int(11) NOT NULL AUTO_INCREMENT,
  `name` varchar(70) DEFAULT NULL,
  PRIMARY KEY (`id`),
  UNIQUE KEY `id_UNIQUE` (`id`)
) ENGINE=InnoDB AUTO_INCREMENT=6 DEFAULT CHARSET=utf8;
/*!40101 SET character_set_client = @saved_cs_client */;

--
-- Dumping data for table `offerstatus`
--

LOCK TABLES `offerstatus` WRITE;
/*!40000 ALTER TABLE `offerstatus` DISABLE KEYS */;
INSERT INTO `offerstatus` VALUES (1,'На обработке'),(2,'Передан на изготовление (подготовку)'),(3,'Изготовлен (подготовлен)'),(4,'Передан курьеру'),(5,'Доставлен');
/*!40000 ALTER TABLE `offerstatus` ENABLE KEYS */;
UNLOCK TABLES;

--
-- Table structure for table `oilstuff`
--

DROP TABLE IF EXISTS `oilstuff`;
/*!40101 SET @saved_cs_client     = @@character_set_client */;
/*!40101 SET character_set_client = utf8 */;
CREATE TABLE `oilstuff` (
  `id` int(11) NOT NULL AUTO_INCREMENT,
  `name` varchar(45) DEFAULT NULL,
  PRIMARY KEY (`id`),
  UNIQUE KEY `id_UNIQUE` (`id`)
) ENGINE=InnoDB AUTO_INCREMENT=8 DEFAULT CHARSET=utf8;
/*!40101 SET character_set_client = @saved_cs_client */;

--
-- Dumping data for table `oilstuff`
--

LOCK TABLES `oilstuff` WRITE;
/*!40000 ALTER TABLE `oilstuff` DISABLE KEYS */;
INSERT INTO `oilstuff` VALUES (1,'синтетическое'),(3,'минеральное'),(4,'<empty>'),(5,'полусинтетическое');
/*!40000 ALTER TABLE `oilstuff` ENABLE KEYS */;
UNLOCK TABLES;

--
-- Table structure for table `pays`
--

DROP TABLE IF EXISTS `pays`;
/*!40101 SET @saved_cs_client     = @@character_set_client */;
/*!40101 SET character_set_client = utf8 */;
CREATE TABLE `pays` (
  `id` int(11) NOT NULL AUTO_INCREMENT,
  `numDoc` varchar(50) DEFAULT NULL,
  `time` datetime DEFAULT NULL,
  `manufacturer` int(11) DEFAULT NULL,
  `summ` double DEFAULT NULL,
  `storno` bit(1) NOT NULL DEFAULT b'0',
  `demand_id` varchar(50) DEFAULT NULL,
  `user` int(11) DEFAULT NULL,
  `client` int(11) DEFAULT NULL,
  PRIMARY KEY (`id`),
  UNIQUE KEY `id_UNIQUE` (`id`),
  KEY `demand_id_idx` (`demand_id`),
  KEY `pay_user_idx` (`user`),
  KEY `client_pays_idx` (`client`),
  KEY `manufacturer_pays_idx` (`manufacturer`),
  CONSTRAINT `client_pays` FOREIGN KEY (`client`) REFERENCES `client` (`id`) ON DELETE NO ACTION ON UPDATE NO ACTION,
  CONSTRAINT `manufacturer_pays` FOREIGN KEY (`manufacturer`) REFERENCES `manufacturer` (`id`) ON DELETE NO ACTION ON UPDATE NO ACTION,
  CONSTRAINT `pay_user` FOREIGN KEY (`user`) REFERENCES `users` (`id`) ON DELETE NO ACTION ON UPDATE NO ACTION
) ENGINE=InnoDB AUTO_INCREMENT=214 DEFAULT CHARSET=utf8;
/*!40101 SET character_set_client = @saved_cs_client */;

--
-- Dumping data for table `pays`
--

LOCK TABLES `pays` WRITE;
/*!40000 ALTER TABLE `pays` DISABLE KEYS */;
INSERT INTO `pays` VALUES (101,'pay_2015-10-26:11:18:40','2015-10-26 11:18:41',29,160000,'\0','Demand_2015-10-26:11:18:40',1,1),(102,'pay_2015-10-26:11:18:40','2015-10-26 11:18:41',29,-152000,'\0','Demand_2015-10-26:11:18:40',1,1),(103,'pay_2015-10-26:11:18:40','2015-10-26 11:18:41',30,152000,'\0','Demand_2015-10-26:11:18:40',1,1),(123,'Pay_2015-10-26:11:26:50','2015-10-26 11:27:10',29,64300,'\0','Demand_2015-10-26:11:19:34',1,1),(124,'Pay_2015-10-26:11:26:50','2015-10-26 11:27:10',29,-61085,'\0','Demand_2015-10-26:11:19:34',1,1),(125,'Pay_2015-10-26:11:26:50','2015-10-26 11:27:10',30,61085,'\0','Demand_2015-10-26:11:19:34',1,1),(194,'pay_2015-10-26:22:47:53','2015-10-26 22:47:54',29,160000,'\0','Demand_2015-10-26:22:47:53',1,5),(195,'pay_2015-10-26:22:47:53','2015-10-26 22:47:54',29,-152000,'\0','Demand_2015-10-26:22:47:53',1,5),(196,'pay_2015-10-26:22:47:53','2015-10-26 22:47:54',30,152000,'\0','Demand_2015-10-26:22:47:53',1,5),(197,'pay_2015-10-26:22:48:32','2015-10-26 22:48:32',29,185000,'\0','Demand_2015-10-26:22:48:32',1,5),(198,'pay_2015-10-26:22:48:32','2015-10-26 22:48:32',29,-175750,'\0','Demand_2015-10-26:22:48:32',1,5),(199,'pay_2015-10-26:22:48:32','2015-10-26 22:48:32',30,175750,'\0','Demand_2015-10-26:22:48:32',1,5),(204,'pay_2015-10-26:22:48:32','2015-10-26 22:48:32',29,15000,'\0','Demand_2015-10-26:22:49:28',1,5),(205,'pay_2015-10-26:22:48:32','2015-10-26 22:48:32',29,-14250,'\0','Demand_2015-10-26:22:49:28',1,5),(206,'pay_2015-10-26:22:48:32','2015-10-26 22:48:32',30,14250,'\0','Demand_2015-10-26:22:49:28',1,5),(210,'pay_2015-10-26:22:49:28','2015-10-26 22:49:28',29,111000,'\0','Demand_2015-10-26:22:49:28',1,5),(211,'pay_2015-10-26:22:49:28','2015-10-26 22:49:28',29,-105450,'\0','Demand_2015-10-26:22:49:28',1,5),(212,'pay_2015-10-26:22:49:28','2015-10-26 22:49:28',30,105450,'\0','Demand_2015-10-26:22:49:28',1,5),(213,'pay_2015-10-26:22:49:28','2015-10-26 22:49:28',29,89000,'\0','',1,5);
/*!40000 ALTER TABLE `pays` ENABLE KEYS */;
UNLOCK TABLES;

--
-- Table structure for table `prices`
--

DROP TABLE IF EXISTS `prices`;
/*!40101 SET @saved_cs_client     = @@character_set_client */;
/*!40101 SET character_set_client = utf8 */;
CREATE TABLE `prices` (
  `id` int(11) NOT NULL AUTO_INCREMENT,
  `time` datetime DEFAULT NULL,
  `price` double DEFAULT '0',
  `user` int(11) DEFAULT NULL,
  `good` int(11) DEFAULT NULL,
  `goodPrefix` varchar(3) DEFAULT 'BrF',
  PRIMARY KEY (`id`),
  KEY `user_price_idx` (`user`),
  CONSTRAINT `user_price` FOREIGN KEY (`user`) REFERENCES `users` (`id`) ON DELETE NO ACTION ON UPDATE NO ACTION
) ENGINE=InnoDB AUTO_INCREMENT=142 DEFAULT CHARSET=utf8;
/*!40101 SET character_set_client = @saved_cs_client */;

--
-- Dumping data for table `prices`
--

LOCK TABLES `prices` WRITE;
/*!40000 ALTER TABLE `prices` DISABLE KEYS */;
INSERT INTO `prices` VALUES (1,'2010-12-20 15:00:00',100,1,120,'BrF'),(2,'2009-01-20 14:00:00',50,28,121,'BrF'),(3,'2011-09-20 15:00:00',70,31,120,'BrF'),(24,'2015-11-10 22:05:11',1,1,24,'Oil'),(25,'2015-11-10 22:30:27',1,1,25,'Oil'),(26,'2015-11-11 01:36:20',111,1,26,'Oil'),(27,'2015-11-11 01:41:46',122,1,27,'Oil'),(120,'2015-10-15 01:37:39',112000,3,120,'BrF'),(126,'2015-10-13 00:01:07',222,3,126,'BrF'),(127,'2015-10-15 01:41:21',115000,3,120,'BrF'),(128,'2015-10-16 03:09:10',1000,3,120,'BrF'),(129,'2015-10-16 03:16:08',1100,3,120,'BrF'),(130,'2015-10-16 03:29:42',5200,3,121,'BrF'),(133,'2015-11-06 19:20:42',390000,1,14,'Oil'),(134,'2015-11-06 19:24:51',480000,1,15,'Oil'),(135,'2015-11-06 19:30:24',380000,1,16,'Oil'),(136,'2015-11-06 19:43:10',940000,1,17,'Oil'),(137,'2015-11-06 19:43:37',700000,1,18,'Oil'),(138,'2015-11-06 19:45:06',399000,1,19,'Oil'),(139,'2015-11-06 19:48:09',325000,1,20,'Oil'),(140,'2015-11-06 19:48:47',560000,1,21,'Oil'),(141,'2015-11-06 19:48:57',630000,1,22,'Oil');
/*!40000 ALTER TABLE `prices` ENABLE KEYS */;
UNLOCK TABLES;

--
-- Table structure for table `review`
--

DROP TABLE IF EXISTS `review`;
/*!40101 SET @saved_cs_client     = @@character_set_client */;
/*!40101 SET character_set_client = utf8 */;
CREATE TABLE `review` (
  `id` int(11) NOT NULL AUTO_INCREMENT,
  `name` varchar(45) NOT NULL,
  `email` varchar(45) DEFAULT NULL,
  `judgement` double DEFAULT '0',
  `review` text,
  `good` int(11) NOT NULL,
  `goodPrefix` varchar(3) DEFAULT 'BrF',
  PRIMARY KEY (`id`,`name`),
  UNIQUE KEY `id_UNIQUE` (`id`),
  KEY `brakingfluid_idx` (`good`)
) ENGINE=InnoDB AUTO_INCREMENT=30 DEFAULT CHARSET=utf8;
/*!40101 SET character_set_client = @saved_cs_client */;

--
-- Dumping data for table `review`
--

LOCK TABLES `review` WRITE;
/*!40000 ALTER TABLE `review` DISABLE KEYS */;
INSERT INTO `review` VALUES (1,'Сидоров','sid@tut.by',3,'Хороший товар, куплю ещё',120,'BrF'),(2,'Сидоров','sid@tut.by',5,'Нормальненько',121,'BrF'),(3,'Манька','man@gmail.com',2,'Не куплю больше',120,'BrF'),(4,'Тётя Глаша','g@gmail.com',1,'Шой-та не понравилось. Кастрюлю не отчистило',120,'BrF'),(5,'Тётя Глаша','g@gmail.com',5,'Отличная дрянь',121,'BrF'),(6,'Манька','man@gmail.com',0,'Отстой',122,'BrF'),(21,'dgsfd','ggggggggg',0,'1111111111111111111',120,'BrF'),(22,'ssss','dddd',0,'33333333333333',122,'BrF'),(23,'dfdsf','sdfsdfg',0,'dddddddddddd',129,'BrF'),(24,'sdfsdf','sdfsdf',3,'sdfsdfsdfsdf',129,'BrF'),(25,'eee','345345345',3,'ttttttt',21,'Oil'),(26,'petrov','ddd@tut.nu',5,'Ничего так маслице, добавляем в кашу, едим всей семьёй',21,'Oil'),(27,'ее','555',1,'не куплю',21,'Oil'),(28,'sssss','11111111111',2,'оч хорошо',21,'Oil'),(29,'ddd','ffff',2,'норм',18,'Oil');
/*!40000 ALTER TABLE `review` ENABLE KEYS */;
UNLOCK TABLES;

--
-- Table structure for table `roles`
--

DROP TABLE IF EXISTS `roles`;
/*!40101 SET @saved_cs_client     = @@character_set_client */;
/*!40101 SET character_set_client = utf8 */;
CREATE TABLE `roles` (
  `id` int(11) NOT NULL AUTO_INCREMENT,
  `name` varchar(45) DEFAULT NULL,
  PRIMARY KEY (`id`)
) ENGINE=InnoDB AUTO_INCREMENT=12 DEFAULT CHARSET=utf8;
/*!40101 SET character_set_client = @saved_cs_client */;

--
-- Dumping data for table `roles`
--

LOCK TABLES `roles` WRITE;
/*!40000 ALTER TABLE `roles` DISABLE KEYS */;
INSERT INTO `roles` VALUES (1,'ROLE_ADMIN'),(4,'ROLE_PRODUCT'),(5,'ROLE_PRICE'),(6,'ROLE_DISTR'),(7,'ROLE_OFFER'),(8,'ROLE_OFFERPRICE'),(9,'ROLE_DELIVERY'),(10,'ROLE_MANAGER_SALE'),(11,'ROLE_SELLER');
/*!40000 ALTER TABLE `roles` ENABLE KEYS */;
UNLOCK TABLES;

--
-- Table structure for table `users`
--

DROP TABLE IF EXISTS `users`;
/*!40101 SET @saved_cs_client     = @@character_set_client */;
/*!40101 SET character_set_client = utf8 */;
CREATE TABLE `users` (
  `id` int(11) NOT NULL AUTO_INCREMENT,
  `Name` varchar(45) DEFAULT NULL,
  `email` varchar(45) NOT NULL,
  `login` varchar(45) DEFAULT NULL,
  `password` varchar(45) DEFAULT NULL,
  `role` int(11) DEFAULT NULL,
  PRIMARY KEY (`id`,`email`),
  UNIQUE KEY `idusers_UNIQUE` (`id`),
  KEY `fk_users_roles_idx` (`role`),
  CONSTRAINT `fk_users_roles` FOREIGN KEY (`role`) REFERENCES `roles` (`id`) ON DELETE NO ACTION ON UPDATE NO ACTION
) ENGINE=InnoDB AUTO_INCREMENT=37 DEFAULT CHARSET=utf8 COMMENT='System users';
/*!40101 SET character_set_client = @saved_cs_client */;

--
-- Dumping data for table `users`
--

LOCK TABLES `users` WRITE;
/*!40000 ALTER TABLE `users` DISABLE KEYS */;
INSERT INTO `users` VALUES (1,'admin Иван','admin@eftech.by','admin','111',1),(2,'specialist','saler@eftech.by','specialist','111',4),(3,'economist','dealer@eftech.by','economist','111',5),(6,'seller','salesmanager@eftech.by','seller','111',6),(7,'login4111','login4@eftech.by','login4','111',7),(8,'customer','login5@eftech.by','customer','111',8),(11,'admin Иван','admin@eftech.by','admin','111',4),(12,'admin Иван','admin@eftech.by','admin','111',5),(28,'manager_sale','as@tut.by','manager_sale','111',10),(30,'delivery_man','as@tut.by','delivery_man','111',9),(31,'manager_om','ivanov@tut.by','manager_om','111',5),(32,'manager_om','ivanov@tut.by','manager_om','111',4),(35,'login4111','login4@eftech.by','login4','111',6),(36,'login4111','login4@eftech.by','login4','111',10);
/*!40000 ALTER TABLE `users` ENABLE KEYS */;
UNLOCK TABLES;

--
-- Table structure for table `wishlist`
--

DROP TABLE IF EXISTS `wishlist`;
/*!40101 SET @saved_cs_client     = @@character_set_client */;
/*!40101 SET character_set_client = utf8 */;
CREATE TABLE `wishlist` (
  `id` int(11) NOT NULL AUTO_INCREMENT,
  `user` int(11) NOT NULL,
  `good` int(11) NOT NULL,
  `goodPrefix` varchar(3) DEFAULT 'BrF',
  PRIMARY KEY (`id`)
) ENGINE=InnoDB AUTO_INCREMENT=17 DEFAULT CHARSET=hp8;
/*!40101 SET character_set_client = @saved_cs_client */;

--
-- Dumping data for table `wishlist`
--

LOCK TABLES `wishlist` WRITE;
/*!40000 ALTER TABLE `wishlist` DISABLE KEYS */;
INSERT INTO `wishlist` VALUES (1,1,120,'BrF'),(2,1,122,'BrF'),(4,6,121,'BrF'),(5,6,126,'BrF'),(15,1,128,'BrF'),(16,1,129,'BrF');
/*!40000 ALTER TABLE `wishlist` ENABLE KEYS */;
UNLOCK TABLES;
/*!40103 SET TIME_ZONE=@OLD_TIME_ZONE */;

/*!40101 SET SQL_MODE=@OLD_SQL_MODE */;
/*!40014 SET FOREIGN_KEY_CHECKS=@OLD_FOREIGN_KEY_CHECKS */;
/*!40014 SET UNIQUE_CHECKS=@OLD_UNIQUE_CHECKS */;
/*!40101 SET CHARACTER_SET_CLIENT=@OLD_CHARACTER_SET_CLIENT */;
/*!40101 SET CHARACTER_SET_RESULTS=@OLD_CHARACTER_SET_RESULTS */;
/*!40101 SET COLLATION_CONNECTION=@OLD_COLLATION_CONNECTION */;
/*!40111 SET SQL_NOTES=@OLD_SQL_NOTES */;

-- Dump completed on 2015-11-11  1:45:35
